file,site_id,year,flatline_points,flatline_events
Raw_data_1Hr_2009_site_113_Shadipur_Delhi_CPCB_1Hr.csv,113,2009,2386,127
Raw_data_1Hr_2009_site_114_IHBAS_Dilshad_Garden_Delhi_CPCB_1Hr.csv,114,2009,2936,145
Raw_data_1Hr_2009_site_115_NSIT_Dwarka_Delhi_CPCB_1Hr.csv,115,2009,3522,334
Raw_data_1Hr_2009_site_117_ITO_Delhi_CPCB_1Hr.csv,117,2009,4856,335
Raw_data_1Hr_2009_site_118_DTU_Delhi_CPCB_1Hr.csv,118,2009,8638,579
Raw_data_1Hr_2009_site_119_Sirifort_Delhi_CPCB_1Hr.csv,119,2009,5485,397
Raw_data_1Hr_2010_site_113_Shadipur_Delhi_CPCB_1Hr.csv,113,2010,1137,137
Raw_data_1Hr_2010_site_114_IHBAS_Dilshad_Garden_Delhi_CPCB_1Hr.csv,114,2010,1219,146
Raw_data_1Hr_2010_site_115_NSIT_Dwarka_Delhi_CPCB_1Hr.csv,115,2010,4257,442
Raw_data_1Hr_2010_site_117_ITO_Delhi_CPCB_1Hr.csv,117,2010,2517,193
Raw_data_1Hr_2010_site_118_DTU_Delhi_CPCB_1Hr.csv,118,2010,2206,209
Raw_data_1Hr_2010_site_119_Sirifort_Delhi_CPCB_1Hr.csv,119,2010,1501,162
Raw_data_1Hr_2011_site_113_Shadipur_Delhi_CPCB_1Hr.csv,113,2011,3635,356
Raw_data_1Hr_2011_site_114_IHBAS_Dilshad_Garden_Delhi_CPCB_1Hr.csv,114,2011,3653,312
Raw_data_1Hr_2011_site_115_NSIT_Dwarka_Delhi_CPCB_1Hr.csv,115,2011,4830,397
Raw_data_1Hr_2011_site_117_ITO_Delhi_CPCB_1Hr.csv,117,2011,2816,273
Raw_data_1Hr_2011_site_118_DTU_Delhi_CPCB_1Hr.csv,118,2011,2645,257
Raw_data_1Hr_2011_site_119_Sirifort_Delhi_CPCB_1Hr.csv,119,2011,8508,338
Raw_data_1Hr_2011_site_122_Mandir_Marg_Delhi_DPCC_1Hr.csv,122,2011,3440,137
Raw_data_1Hr_2011_site_124_R_K_Puram_Delhi_DPCC_1Hr.csv,124,2011,2988,184
Raw_data_1Hr_2011_site_125_Punjabi_Bagh_Delhi_DPCC_1Hr.csv,125,2011,2608,169
Raw_data_1Hr_2012_site_113_Shadipur_Delhi_CPCB_1Hr.csv,113,2012,1074,64
Raw_data_1Hr_2012_site_114_IHBAS_Dilshad_Garden_Delhi_CPCB_1Hr.csv,114,2012,1392,143
Raw_data_1Hr_2012_site_115_NSIT_Dwarka_Delhi_CPCB_1Hr.csv,115,2012,402,50
Raw_data_1Hr_2012_site_117_ITO_Delhi_CPCB_1Hr.csv,117,2012,1880,132
Raw_data_1Hr_2012_site_118_DTU_Delhi_CPCB_1Hr.csv,118,2012,6074,304
Raw_data_1Hr_2012_site_122_Mandir_Marg_Delhi_DPCC_1Hr.csv,122,2012,4894,408
Raw_data_1Hr_2012_site_124_R_K_Puram_Delhi_DPCC_1Hr.csv,124,2012,4412,346
Raw_data_1Hr_2012_site_125_Punjabi_Bagh_Delhi_DPCC_1Hr.csv,125,2012,5392,352
Raw_data_1Hr_2012_site_301_Anand_Vihar_Delhi_DPCC_1Hr.csv,301,2012,1162,98
Raw_data_1Hr_2013_site_113_Shadipur_Delhi_CPCB_1Hr.csv,113,2013,3692,289
Raw_data_1Hr_2013_site_114_IHBAS_Dilshad_Garden_Delhi_CPCB_1Hr.csv,114,2013,3333,340
Raw_data_1Hr_2013_site_115_NSIT_Dwarka_Delhi_CPCB_1Hr.csv,115,2013,874,119
Raw_data_1Hr_2013_site_117_ITO_Delhi_CPCB_1Hr.csv,117,2013,2541,276
Raw_data_1Hr_2013_site_118_DTU_Delhi_CPCB_1Hr.csv,118,2013,3496,302
Raw_data_1Hr_2013_site_122_Mandir_Marg_Delhi_DPCC_1Hr.csv,122,2013,781,80
Raw_data_1Hr_2013_site_124_R_K_Puram_Delhi_DPCC_1Hr.csv,124,2013,1083,85
Raw_data_1Hr_2013_site_125_Punjabi_Bagh_Delhi_DPCC_1Hr.csv,125,2013,696,75
Raw_data_1Hr_2013_site_301_Anand_Vihar_Delhi_DPCC_1Hr.csv,301,2013,833,81
Raw_data_1Hr_2014_site_113_Shadipur_Delhi_CPCB_1Hr.csv,113,2014,2520,284
Raw_data_1Hr_2014_site_114_IHBAS_Dilshad_Garden_Delhi_CPCB_1Hr.csv,114,2014,4253,412
Raw_data_1Hr_2014_site_115_NSIT_Dwarka_Delhi_CPCB_1Hr.csv,115,2014,2248,220
Raw_data_1Hr_2014_site_117_ITO_Delhi_CPCB_1Hr.csv,117,2014,2519,220
Raw_data_1Hr_2014_site_118_DTU_Delhi_CPCB_1Hr.csv,118,2014,1876,169
Raw_data_1Hr_2015_site_113_Shadipur_Delhi_CPCB_1Hr.csv,113,2015,1575,167
Raw_data_1Hr_2015_site_114_IHBAS_Dilshad_Garden_Delhi_CPCB_1Hr.csv,114,2015,349,30
Raw_data_1Hr_2015_site_115_NSIT_Dwarka_Delhi_CPCB_1Hr.csv,115,2015,2850,293
Raw_data_1Hr_2015_site_117_ITO_Delhi_CPCB_1Hr.csv,117,2015,2746,250
Raw_data_1Hr_2015_site_118_DTU_Delhi_CPCB_1Hr.csv,118,2015,2715,290
Raw_data_1Hr_2015_site_122_Mandir_Marg_Delhi_DPCC_1Hr.csv,122,2015,5554,293
Raw_data_1Hr_2015_site_124_R_K_Puram_Delhi_DPCC_1Hr.csv,124,2015,4408,275
Raw_data_1Hr_2015_site_125_Punjabi_Bagh_Delhi_DPCC_1Hr.csv,125,2015,4417,300
Raw_data_1Hr_2015_site_301_Anand_Vihar_Delhi_DPCC_1Hr.csv,301,2015,3804,293
Raw_data_1Hr_2016_site_113_Shadipur_Delhi_CPCB_1Hr.csv,113,2016,2117,155
Raw_data_1Hr_2016_site_114_IHBAS_Dilshad_Garden_Delhi_CPCB_1Hr.csv,114,2016,785,84
Raw_data_1Hr_2016_site_115_NSIT_Dwarka_Delhi_CPCB_1Hr.csv,115,2016,2074,232
Raw_data_1Hr_2016_site_117_ITO_Delhi_CPCB_1Hr.csv,117,2016,308,22
Raw_data_1Hr_2016_site_118_DTU_Delhi_CPCB_1Hr.csv,118,2016,60,5
Raw_data_1Hr_2016_site_119_Sirifort_Delhi_CPCB_1Hr.csv,119,2016,45,5
Raw_data_1Hr_2016_site_122_Mandir_Marg_Delhi_DPCC_1Hr.csv,122,2016,5808,406
Raw_data_1Hr_2016_site_124_R_K_Puram_Delhi_DPCC_1Hr.csv,124,2016,5927,367
Raw_data_1Hr_2016_site_125_Punjabi_Bagh_Delhi_DPCC_1Hr.csv,125,2016,5785,347
Raw_data_1Hr_2016_site_301_Anand_Vihar_Delhi_DPCC_1Hr.csv,301,2016,4773,380
Raw_data_1Hr_2017_site_103_CRRI_Mathura_Road_Delhi_IMD_1Hr.csv,103,2017,5921,311
Raw_data_1Hr_2017_site_104_Burari_Crossing_Delhi_IMD_1Hr.csv,104,2017,8766,251
Raw_data_1Hr_2017_site_105_North_Campus_DU_Delhi_IMD_1Hr.csv,105,2017,4811,151
Raw_data_1Hr_2017_site_106_IGI_Airport_(T3)_Delhi_IMD_1Hr.csv,106,2017,4384,276
Raw_data_1Hr_2017_site_107_Pusa_Delhi_IMD_1Hr.csv,107,2017,5067,157
Raw_data_1Hr_2017_site_108_Aya_Nagar_Delhi_IMD_1Hr.csv,108,2017,4847,247
Raw_data_1Hr_2017_site_109_Lodhi_Road_Delhi_IMD_1Hr.csv,109,2017,5044,235
Raw_data_1Hr_2017_site_113_Shadipur_Delhi_CPCB_1Hr.csv,113,2017,5560,376
Raw_data_1Hr_2017_site_114_IHBAS_Dilshad_Garden_Delhi_CPCB_1Hr.csv,114,2017,2126,155
Raw_data_1Hr_2017_site_115_NSIT_Dwarka_Delhi_CPCB_1Hr.csv,115,2017,6574,384
Raw_data_1Hr_2017_site_117_ITO_Delhi_CPCB_1Hr.csv,117,2017,1729,75
Raw_data_1Hr_2017_site_118_DTU_Delhi_CPCB_1Hr.csv,118,2017,4485,231
Raw_data_1Hr_2017_site_119_Sirifort_Delhi_CPCB_1Hr.csv,119,2017,761,30
Raw_data_1Hr_2017_site_122_Mandir_Marg_Delhi_DPCC_1Hr.csv,122,2017,5892,570
Raw_data_1Hr_2017_site_124_R_K_Puram_Delhi_DPCC_1Hr.csv,124,2017,5669,434
Raw_data_1Hr_2017_site_125_Punjabi_Bagh_Delhi_DPCC_1Hr.csv,125,2017,4644,314
Raw_data_1Hr_2017_site_301_Anand_Vihar_Delhi_DPCC_1Hr.csv,301,2017,3044,230
Raw_data_1Hr_2018_site_103_CRRI_Mathura_Road_Delhi_IMD_1Hr.csv,103,2018,16239,738
Raw_data_1Hr_2018_site_104_Burari_Crossing_Delhi_IMD_1Hr.csv,104,2018,8982,249
Raw_data_1Hr_2018_site_105_North_Campus_DU_Delhi_IMD_1Hr.csv,105,2018,12350,355
Raw_data_1Hr_2018_site_106_IGI_Airport_(T3)_Delhi_IMD_1Hr.csv,106,2018,13473,406
Raw_data_1Hr_2018_site_107_Pusa_Delhi_IMD_1Hr.csv,107,2018,14158,578
Raw_data_1Hr_2018_site_108_Aya_Nagar_Delhi_IMD_1Hr.csv,108,2018,13644,845
Raw_data_1Hr_2018_site_109_Lodhi_Road_Delhi_IMD_1Hr.csv,109,2018,12038,616
Raw_data_1Hr_2018_site_113_Shadipur_Delhi_CPCB_1Hr.csv,113,2018,7436,481
Raw_data_1Hr_2018_site_114_IHBAS_Dilshad_Garden_Delhi_CPCB_1Hr.csv,114,2018,7761,669
Raw_data_1Hr_2018_site_115_NSIT_Dwarka_Delhi_CPCB_1Hr.csv,115,2018,12198,555
Raw_data_1Hr_2018_site_117_ITO_Delhi_CPCB_1Hr.csv,117,2018,7209,432
Raw_data_1Hr_2018_site_118_DTU_Delhi_CPCB_1Hr.csv,118,2018,10265,519
Raw_data_1Hr_2018_site_119_Sirifort_Delhi_CPCB_1Hr.csv,119,2018,8178,549
Raw_data_1Hr_2018_site_122_Mandir_Marg_Delhi_DPCC_1Hr.csv,122,2018,7206,494
Raw_data_1Hr_2018_site_124_R_K_Puram_Delhi_DPCC_1Hr.csv,124,2018,5744,405
Raw_data_1Hr_2018_site_125_Punjabi_Bagh_Delhi_DPCC_1Hr.csv,125,2018,6944,427
Raw_data_1Hr_2018_site_1420_Ashok_Vihar_Delhi_DPCC_1Hr.csv,1420,2018,7653,369
Raw_data_1Hr_2018_site_1421_Dr._Karni_Singh_Shooting_Range_Delhi_DPCC_1Hr.csv,1421,2018,6954,505
Raw_data_1Hr_2018_site_1422_Dwarka-Sector_8_Delhi_DPCC__1Hr.csv,1422,2018,6750,507
Raw_data_1Hr_2018_site_1423_Jahangirpuri_Delhi_DPCC_1Hr.csv,1423,2018,6677,471
Raw_data_1Hr_2018_site_1424_Jawaharlal_Nehru_Stadium_Delhi_DPCC_1Hr.csv,1424,2018,7068,453
Raw_data_1Hr_2018_site_1425_Major_Dhyan_Chand_National_Stadium_Delhi_DPCC_1Hr.csv,1425,2018,7007,489
Raw_data_1Hr_2018_site_1426_Narela_Delhi_DPCC_1Hr.csv,1426,2018,8499,359
Raw_data_1Hr_2018_site_1427_Najafgarh_Delhi_DPCC_1Hr.csv,1427,2018,10373,643
Raw_data_1Hr_2018_site_1428_Okhla_Phase-2_Delhi_DPCC_1Hr.csv,1428,2018,8254,519
Raw_data_1Hr_2018_site_1429_Nehru_Nagar_Delhi_DPCC_1Hr.csv,1429,2018,7809,506
Raw_data_1Hr_2018_site_1430_Rohini_Delhi_DPCC_1Hr.csv,1430,2018,7337,439
Raw_data_1Hr_2018_site_1431_Patparganj_Delhi_DPCC_1Hr.csv,1431,2018,9759,669
Raw_data_1Hr_2018_site_1432_Sonia_Vihar_Delhi_DPCC_1Hr.csv,1432,2018,9520,670
Raw_data_1Hr_2018_site_1434_Wazirpur_Delhi_DPCC_1Hr.csv,1434,2018,7376,307
Raw_data_1Hr_2018_site_1435_Vivek_Vihar_Delhi_DPCC_1Hr.csv,1435,2018,6986,433
Raw_data_1Hr_2018_site_1560_Bawana_Delhi_DPCC_1Hr.csv,1560,2018,4676,351
Raw_data_1Hr_2018_site_1561_Mundka_Delhi_DPCC_1Hr.csv,1561,2018,4027,199
Raw_data_1Hr_2018_site_1562_Sri_Aurobindo_Marg_Delhi_DPCC_1Hr.csv,1562,2018,4392,132
Raw_data_1Hr_2018_site_1563_Pusa_Delhi_DPCC_1Hr.csv,1563,2018,3542,281
Raw_data_1Hr_2018_site_301_Anand_Vihar_Delhi_DPCC_1Hr.csv,301,2018,2254,243
Raw_data_1Hr_2018_site_5024_Alipur_Delhi_DPCC_1Hr.csv,5024,2018,1540,126
Raw_data_1Hr_2019_site_103_CRRI_Mathura_Road_Delhi_IMD_1Hr.csv,103,2019,8903,552
Raw_data_1Hr_2019_site_104_Burari_Crossing_Delhi_IMD_1Hr.csv,104,2019,9671,368
Raw_data_1Hr_2019_site_105_North_Campus_DU_Delhi_IMD_1Hr.csv,105,2019,9144,560
Raw_data_1Hr_2019_site_106_IGI_Airport_(T3)_Delhi_IMD_1Hr.csv,106,2019,9770,368
Raw_data_1Hr_2019_site_107_Pusa_Delhi_IMD_1Hr.csv,107,2019,13447,487
Raw_data_1Hr_2019_site_108_Aya_Nagar_Delhi_IMD_1Hr.csv,108,2019,13756,552
Raw_data_1Hr_2019_site_109_Lodhi_Road_Delhi_IMD_1Hr.csv,109,2019,15095,775
Raw_data_1Hr_2019_site_113_Shadipur_Delhi_CPCB_1Hr.csv,113,2019,4652,403
Raw_data_1Hr_2019_site_114_IHBAS_Dilshad_Garden_Delhi_CPCB_1Hr.csv,114,2019,8844,655
Raw_data_1Hr_2019_site_115_NSIT_Dwarka_Delhi_CPCB_1Hr.csv,115,2019,11655,698
Raw_data_1Hr_2019_site_117_ITO_Delhi_CPCB_1Hr.csv,117,2019,12057,698
Raw_data_1Hr_2019_site_118_DTU_Delhi_CPCB_1Hr.csv,118,2019,11215,611
Raw_data_1Hr_2019_site_119_Sirifort_Delhi_CPCB_1Hr.csv,119,2019,11551,794
Raw_data_1Hr_2019_site_122_Mandir_Marg_Delhi_DPCC_1Hr.csv,122,2019,8989,534
Raw_data_1Hr_2019_site_124_R_K_Puram_Delhi_DPCC_1Hr.csv,124,2019,6133,434
Raw_data_1Hr_2019_site_125_Punjabi_Bagh_Delhi_DPCC_1Hr.csv,125,2019,8365,525
Raw_data_1Hr_2019_site_1420_Ashok_Vihar_Delhi_DPCC_1Hr.csv,1420,2019,8564,545
Raw_data_1Hr_2019_site_1421_Dr._Karni_Singh_Shooting_Range_Delhi_DPCC_1Hr.csv,1421,2019,7293,655
Raw_data_1Hr_2019_site_1422_Dwarka-Sector_8_Delhi_DPCC__1Hr.csv,1422,2019,7695,509
Raw_data_1Hr_2019_site_1423_Jahangirpuri_Delhi_DPCC_1Hr.csv,1423,2019,7962,509
Raw_data_1Hr_2019_site_1424_Jawaharlal_Nehru_Stadium_Delhi_DPCC_1Hr.csv,1424,2019,7790,424
Raw_data_1Hr_2019_site_1425_Major_Dhyan_Chand_National_Stadium_Delhi_DPCC_1Hr.csv,1425,2019,9096,574
Raw_data_1Hr_2019_site_1426_Narela_Delhi_DPCC_1Hr.csv,1426,2019,9288,552
Raw_data_1Hr_2019_site_1427_Najafgarh_Delhi_DPCC_1Hr.csv,1427,2019,10268,424
Raw_data_1Hr_2019_site_1428_Okhla_Phase-2_Delhi_DPCC_1Hr.csv,1428,2019,9811,534
Raw_data_1Hr_2019_site_1429_Nehru_Nagar_Delhi_DPCC_1Hr.csv,1429,2019,7767,432
Raw_data_1Hr_2019_site_1430_Rohini_Delhi_DPCC_1Hr.csv,1430,2019,11383,828
Raw_data_1Hr_2019_site_1431_Patparganj_Delhi_DPCC_1Hr.csv,1431,2019,14282,943
Raw_data_1Hr_2019_site_1432_Sonia_Vihar_Delhi_DPCC_1Hr.csv,1432,2019,9833,649
Raw_data_1Hr_2019_site_1434_Wazirpur_Delhi_DPCC_1Hr.csv,1434,2019,8260,459
Raw_data_1Hr_2019_site_1435_Vivek_Vihar_Delhi_DPCC_1Hr.csv,1435,2019,8032,414
Raw_data_1Hr_2019_site_1560_Bawana_Delhi_DPCC_1Hr.csv,1560,2019,9610,745
Raw_data_1Hr_2019_site_1561_Mundka_Delhi_DPCC_1Hr.csv,1561,2019,9410,458
Raw_data_1Hr_2019_site_1562_Sri_Aurobindo_Marg_Delhi_DPCC_1Hr.csv,1562,2019,9385,474
Raw_data_1Hr_2019_site_1563_Pusa_Delhi_DPCC_1Hr.csv,1563,2019,7945,561
Raw_data_1Hr_2019_site_301_Anand_Vihar_Delhi_DPCC_1Hr.csv,301,2019,2658,293
Raw_data_1Hr_2019_site_5024_Alipur_Delhi_DPCC_1Hr.csv,5024,2019,12815,668
Raw_data_1Hr_2020_site_103_CRRI_Mathura_Road_Delhi_IMD_1Hr.csv,103,2020,9577,440
Raw_data_1Hr_2020_site_105_North_Campus_DU_Delhi_IMD_1Hr.csv,105,2020,9580,405
Raw_data_1Hr_2020_site_106_IGI_Airport_(T3)_Delhi_IMD_1Hr.csv,106,2020,9722,307
Raw_data_1Hr_2020_site_107_Pusa_Delhi_IMD_1Hr.csv,107,2020,12816,366
Raw_data_1Hr_2020_site_108_Aya_Nagar_Delhi_IMD_1Hr.csv,108,2020,13637,559
Raw_data_1Hr_2020_site_109_Lodhi_Road_Delhi_IMD_1Hr.csv,109,2020,14467,614
Raw_data_1Hr_2020_site_113_Shadipur_Delhi_CPCB_1Hr.csv,113,2020,7247,573
Raw_data_1Hr_2020_site_114_IHBAS_Dilshad_Garden_Delhi_CPCB_1Hr.csv,114,2020,9365,716
Raw_data_1Hr_2020_site_115_NSIT_Dwarka_Delhi_CPCB_1Hr.csv,115,2020,10869,636
Raw_data_1Hr_2020_site_117_ITO_Delhi_CPCB_1Hr.csv,117,2020,10491,706
Raw_data_1Hr_2020_site_118_DTU_Delhi_CPCB_1Hr.csv,118,2020,14852,914
Raw_data_1Hr_2020_site_119_Sirifort_Delhi_CPCB_1Hr.csv,119,2020,10870,642
Raw_data_1Hr_2020_site_122_Mandir_Marg_Delhi_DPCC_1Hr.csv,122,2020,11906,734
Raw_data_1Hr_2020_site_124_R_K_Puram_Delhi_DPCC_1Hr.csv,124,2020,7990,508
Raw_data_1Hr_2020_site_125_Punjabi_Bagh_Delhi_DPCC_1Hr.csv,125,2020,9647,555
Raw_data_1Hr_2020_site_1420_Ashok_Vihar_Delhi_DPCC_1Hr.csv,1420,2020,8083,295
Raw_data_1Hr_2020_site_1421_Dr._Karni_Singh_Shooting_Range_Delhi_DPCC_1Hr.csv,1421,2020,9738,747
Raw_data_1Hr_2020_site_1422_Dwarka-Sector_8_Delhi_DPCC__1Hr.csv,1422,2020,8386,426
Raw_data_1Hr_2020_site_1423_Jahangirpuri_Delhi_DPCC_1Hr.csv,1423,2020,13375,714
Raw_data_1Hr_2020_site_1424_Jawaharlal_Nehru_Stadium_Delhi_DPCC_1Hr.csv,1424,2020,8268,472
Raw_data_1Hr_2020_site_1425_Major_Dhyan_Chand_National_Stadium_Delhi_DPCC_1Hr.csv,1425,2020,10438,545
Raw_data_1Hr_2020_site_1426_Narela_Delhi_DPCC_1Hr.csv,1426,2020,8849,442
Raw_data_1Hr_2020_site_1427_Najafgarh_Delhi_DPCC_1Hr.csv,1427,2020,10274,546
Raw_data_1Hr_2020_site_1428_Okhla_Phase-2_Delhi_DPCC_1Hr.csv,1428,2020,9791,573
Raw_data_1Hr_2020_site_1429_Nehru_Nagar_Delhi_DPCC_1Hr.csv,1429,2020,9091,589
Raw_data_1Hr_2020_site_1430_Rohini_Delhi_DPCC_1Hr.csv,1430,2020,12300,759
Raw_data_1Hr_2020_site_1431_Patparganj_Delhi_DPCC_1Hr.csv,1431,2020,12450,687
Raw_data_1Hr_2020_site_1432_Sonia_Vihar_Delhi_DPCC_1Hr.csv,1432,2020,8890,442
Raw_data_1Hr_2020_site_1434_Wazirpur_Delhi_DPCC_1Hr.csv,1434,2020,8436,549
Raw_data_1Hr_2020_site_1435_Vivek_Vihar_Delhi_DPCC_1Hr.csv,1435,2020,9347,475
Raw_data_1Hr_2020_site_1560_Bawana_Delhi_DPCC_1Hr.csv,1560,2020,13423,824
Raw_data_1Hr_2020_site_1561_Mundka_Delhi_DPCC_1Hr.csv,1561,2020,8438,338
Raw_data_1Hr_2020_site_1562_Sri_Aurobindo_Marg_Delhi_DPCC_1Hr.csv,1562,2020,12560,635
Raw_data_1Hr_2020_site_1563_Pusa_Delhi_DPCC_1Hr.csv,1563,2020,6486,405
Raw_data_1Hr_2020_site_301_Anand_Vihar_Delhi_DPCC_1Hr.csv,301,2020,6313,535
Raw_data_1Hr_2020_site_5024_Alipur_Delhi_DPCC_1Hr.csv,5024,2020,13267,717
Raw_data_1Hr_2020_site_5393_Chandni_Chowk_Delhi_IITM_1Hr.csv,5393,2020,1801,124
Raw_data_1Hr_2020_site_5395_Lodhi_Road_Delhi_IITM_1Hr.csv,5395,2020,2518,112
Raw_data_1Hr_2021_site_103_CRRI_Mathura_Road_Delhi_IMD_1Hr.csv,103,2021,12565,570
Raw_data_1Hr_2021_site_104_Burari_Crossing_Delhi_IMD_1Hr.csv,104,2021,3186,2
Raw_data_1Hr_2021_site_105_North_Campus_DU_Delhi_IMD_1Hr.csv,105,2021,16880,657
Raw_data_1Hr_2021_site_106_IGI_Airport_(T3)_Delhi_IMD_1Hr.csv,106,2021,9904,342
Raw_data_1Hr_2021_site_107_Pusa_Delhi_IMD_1Hr.csv,107,2021,9148,274
Raw_data_1Hr_2021_site_108_Aya_Nagar_Delhi_IMD_1Hr.csv,108,2021,15646,719
Raw_data_1Hr_2021_site_109_Lodhi_Road_Delhi_IMD_1Hr.csv,109,2021,15599,619
Raw_data_1Hr_2021_site_113_Shadipur_Delhi_CPCB_1Hr.csv,113,2021,9251,805
Raw_data_1Hr_2021_site_114_IHBAS_Dilshad_Garden_Delhi_CPCB_1Hr.csv,114,2021,7288,637
Raw_data_1Hr_2021_site_115_NSIT_Dwarka_Delhi_CPCB_1Hr.csv,115,2021,5780,573
Raw_data_1Hr_2021_site_117_ITO_Delhi_CPCB_1Hr.csv,117,2021,11012,849
Raw_data_1Hr_2021_site_118_DTU_Delhi_CPCB_1Hr.csv,118,2021,12533,780
Raw_data_1Hr_2021_site_119_Sirifort_Delhi_CPCB_1Hr.csv,119,2021,10660,692
Raw_data_1Hr_2021_site_122_Mandir_Marg_Delhi_DPCC_1Hr.csv,122,2021,9130,442
Raw_data_1Hr_2021_site_124_R_K_Puram_Delhi_DPCC_1Hr.csv,124,2021,7721,566
Raw_data_1Hr_2021_site_125_Punjabi_Bagh_Delhi_DPCC_1Hr.csv,125,2021,9027,385
Raw_data_1Hr_2021_site_1420_Ashok_Vihar_Delhi_DPCC_1Hr.csv,1420,2021,5848,458
Raw_data_1Hr_2021_site_1421_Dr._Karni_Singh_Shooting_Range_Delhi_DPCC_1Hr.csv,1421,2021,8358,626
Raw_data_1Hr_2021_site_1422_Dwarka-Sector_8_Delhi_DPCC__1Hr.csv,1422,2021,11829,678
Raw_data_1Hr_2021_site_1423_Jahangirpuri_Delhi_DPCC_1Hr.csv,1423,2021,9288,646
Raw_data_1Hr_2021_site_1424_Jawaharlal_Nehru_Stadium_Delhi_DPCC_1Hr.csv,1424,2021,8051,456
Raw_data_1Hr_2021_site_1425_Major_Dhyan_Chand_National_Stadium_Delhi_DPCC_1Hr.csv,1425,2021,12852,905
Raw_data_1Hr_2021_site_1426_Narela_Delhi_DPCC_1Hr.csv,1426,2021,7776,613
Raw_data_1Hr_2021_site_1427_Najafgarh_Delhi_DPCC_1Hr.csv,1427,2021,15429,774
Raw_data_1Hr_2021_site_1428_Okhla_Phase-2_Delhi_DPCC_1Hr.csv,1428,2021,6901,407
Raw_data_1Hr_2021_site_1429_Nehru_Nagar_Delhi_DPCC_1Hr.csv,1429,2021,5808,452
Raw_data_1Hr_2021_site_1430_Rohini_Delhi_DPCC_1Hr.csv,1430,2021,11695,681
Raw_data_1Hr_2021_site_1431_Patparganj_Delhi_DPCC_1Hr.csv,1431,2021,10322,634
Raw_data_1Hr_2021_site_1432_Sonia_Vihar_Delhi_DPCC_1Hr.csv,1432,2021,9090,553
Raw_data_1Hr_2021_site_1434_Wazirpur_Delhi_DPCC_1Hr.csv,1434,2021,9650,522
Raw_data_1Hr_2021_site_1435_Vivek_Vihar_Delhi_DPCC_1Hr.csv,1435,2021,9074,564
Raw_data_1Hr_2021_site_1560_Bawana_Delhi_DPCC_1Hr.csv,1560,2021,13185,1028
Raw_data_1Hr_2021_site_1561_Mundka_Delhi_DPCC_1Hr.csv,1561,2021,8758,498
Raw_data_1Hr_2021_site_1562_Sri_Aurobindo_Marg_Delhi_DPCC_1Hr.csv,1562,2021,10391,869
Raw_data_1Hr_2021_site_1563_Pusa_Delhi_DPCC_1Hr.csv,1563,2021,6649,598
Raw_data_1Hr_2021_site_301_Anand_Vihar_Delhi_DPCC_1Hr.csv,301,2021,4903,380
Raw_data_1Hr_2021_site_5024_Alipur_Delhi_DPCC_1Hr.csv,5024,2021,14866,1061
Raw_data_1Hr_2021_site_5393_Chandni_Chowk_Delhi_IITM_1Hr.csv,5393,2021,17105,1072
Raw_data_1Hr_2021_site_5395_Lodhi_Road_Delhi_IITM_1Hr.csv,5395,2021,14083,717
Raw_data_1Hr_2022_site_103_CRRI_Mathura_Road_Delhi_IMD_1Hr.csv,103,2022,14749,877
Raw_data_1Hr_2022_site_104_Burari_Crossing_Delhi_IMD_1Hr.csv,104,2022,11418,304
Raw_data_1Hr_2022_site_105_North_Campus_DU_Delhi_IMD_1Hr.csv,105,2022,12281,672
Raw_data_1Hr_2022_site_106_IGI_Airport_(T3)_Delhi_IMD_1Hr.csv,106,2022,10020,520
Raw_data_1Hr_2022_site_107_Pusa_Delhi_IMD_1Hr.csv,107,2022,14059,469
Raw_data_1Hr_2022_site_108_Aya_Nagar_Delhi_IMD_1Hr.csv,108,2022,14979,675
Raw_data_1Hr_2022_site_109_Lodhi_Road_Delhi_IMD_1Hr.csv,109,2022,15972,648
Raw_data_1Hr_2022_site_113_Shadipur_Delhi_CPCB_1Hr.csv,113,2022,7181,559
Raw_data_1Hr_2022_site_114_IHBAS_Dilshad_Garden_Delhi_CPCB_1Hr.csv,114,2022,8322,523
Raw_data_1Hr_2022_site_115_NSIT_Dwarka_Delhi_CPCB_1Hr.csv,115,2022,9083,569
Raw_data_1Hr_2022_site_117_ITO_Delhi_CPCB_1Hr.csv,117,2022,10215,631
Raw_data_1Hr_2022_site_118_DTU_Delhi_CPCB_1Hr.csv,118,2022,15277,715
Raw_data_1Hr_2022_site_119_Sirifort_Delhi_CPCB_1Hr.csv,119,2022,16163,1006
Raw_data_1Hr_2022_site_122_Mandir_Marg_Delhi_DPCC_1Hr.csv,122,2022,7738,386
Raw_data_1Hr_2022_site_124_R_K_Puram_Delhi_DPCC_1Hr.csv,124,2022,7746,534
Raw_data_1Hr_2022_site_125_Punjabi_Bagh_Delhi_DPCC_1Hr.csv,125,2022,8934,489
Raw_data_1Hr_2022_site_1420_Ashok_Vihar_Delhi_DPCC_1Hr.csv,1420,2022,9483,597
Raw_data_1Hr_2022_site_1421_Dr._Karni_Singh_Shooting_Range_Delhi_DPCC_1Hr.csv,1421,2022,8796,684
Raw_data_1Hr_2022_site_1422_Dwarka-Sector_8_Delhi_DPCC__1Hr.csv,1422,2022,12520,794
Raw_data_1Hr_2022_site_1423_Jahangirpuri_Delhi_DPCC_1Hr.csv,1423,2022,7513,571
Raw_data_1Hr_2022_site_1424_Jawaharlal_Nehru_Stadium_Delhi_DPCC_1Hr.csv,1424,2022,9135,560
Raw_data_1Hr_2022_site_1425_Major_Dhyan_Chand_National_Stadium_Delhi_DPCC_1Hr.csv,1425,2022,13220,914
Raw_data_1Hr_2022_site_1426_Narela_Delhi_DPCC_1Hr.csv,1426,2022,7669,556
Raw_data_1Hr_2022_site_1427_Najafgarh_Delhi_DPCC_1Hr.csv,1427,2022,16123,809
Raw_data_1Hr_2022_site_1428_Okhla_Phase-2_Delhi_DPCC_1Hr.csv,1428,2022,7952,493
Raw_data_1Hr_2022_site_1429_Nehru_Nagar_Delhi_DPCC_1Hr.csv,1429,2022,6495,434
Raw_data_1Hr_2022_site_1430_Rohini_Delhi_DPCC_1Hr.csv,1430,2022,11480,628
Raw_data_1Hr_2022_site_1431_Patparganj_Delhi_DPCC_1Hr.csv,1431,2022,8378,518
Raw_data_1Hr_2022_site_1432_Sonia_Vihar_Delhi_DPCC_1Hr.csv,1432,2022,8556,492
Raw_data_1Hr_2022_site_1434_Wazirpur_Delhi_DPCC_1Hr.csv,1434,2022,11014,780
Raw_data_1Hr_2022_site_1435_Vivek_Vihar_Delhi_DPCC_1Hr.csv,1435,2022,12131,690
Raw_data_1Hr_2022_site_1560_Bawana_Delhi_DPCC_1Hr.csv,1560,2022,14011,1094
Raw_data_1Hr_2022_site_1561_Mundka_Delhi_DPCC_1Hr.csv,1561,2022,8297,507
Raw_data_1Hr_2022_site_1562_Sri_Aurobindo_Marg_Delhi_DPCC_1Hr.csv,1562,2022,10514,777
Raw_data_1Hr_2022_site_1563_Pusa_Delhi_DPCC_1Hr.csv,1563,2022,7294,624
Raw_data_1Hr_2022_site_301_Anand_Vihar_Delhi_DPCC_1Hr.csv,301,2022,4424,309
Raw_data_1Hr_2022_site_5024_Alipur_Delhi_DPCC_1Hr.csv,5024,2022,16396,965
Raw_data_1Hr_2022_site_5393_Chandni_Chowk_Delhi_IITM_1Hr.csv,5393,2022,7510,545
Raw_data_1Hr_2022_site_5395_Lodhi_Road_Delhi_IITM_1Hr.csv,5395,2022,6040,302
Raw_data_1Hr_2023_site_103_CRRI_Mathura_Road_Delhi_IMD_1Hr.csv,103,2023,12818,794
Raw_data_1Hr_2023_site_104_Burari_Crossing_Delhi_IMD_1Hr.csv,104,2023,10735,305
Raw_data_1Hr_2023_site_105_North_Campus_DU_Delhi_IMD_1Hr.csv,105,2023,8318,652
Raw_data_1Hr_2023_site_106_IGI_Airport_(T3)_Delhi_IMD_1Hr.csv,106,2023,8926,434
Raw_data_1Hr_2023_site_107_Pusa_Delhi_IMD_1Hr.csv,107,2023,11034,415
Raw_data_1Hr_2023_site_108_Aya_Nagar_Delhi_IMD_1Hr.csv,108,2023,20602,1087
Raw_data_1Hr_2023_site_109_Lodhi_Road_Delhi_IMD_1Hr.csv,109,2023,17310,622
Raw_data_1Hr_2023_site_113_Shadipur_Delhi_CPCB_1Hr.csv,113,2023,7391,463
Raw_data_1Hr_2023_site_114_IHBAS_Dilshad_Garden_Delhi_CPCB_1Hr.csv,114,2023,8676,534
Raw_data_1Hr_2023_site_115_NSIT_Dwarka_Delhi_CPCB_1Hr.csv,115,2023,8582,447
Raw_data_1Hr_2023_site_117_ITO_Delhi_CPCB_1Hr.csv,117,2023,9204,600
Raw_data_1Hr_2023_site_118_DTU_Delhi_CPCB_1Hr.csv,118,2023,16139,725
Raw_data_1Hr_2023_site_119_Sirifort_Delhi_CPCB_1Hr.csv,119,2023,15178,907
Raw_data_1Hr_2023_site_122_Mandir_Marg_Delhi_DPCC_1Hr.csv,122,2023,8673,431
Raw_data_1Hr_2023_site_124_R_K_Puram_Delhi_DPCC_1Hr.csv,124,2023,6528,384
Raw_data_1Hr_2023_site_125_Punjabi_Bagh_Delhi_DPCC_1Hr.csv,125,2023,11126,711
Raw_data_1Hr_2023_site_1420_Ashok_Vihar_Delhi_DPCC_1Hr.csv,1420,2023,13967,955
Raw_data_1Hr_2023_site_1421_Dr._Karni_Singh_Shooting_Range_Delhi_DPCC_1Hr.csv,1421,2023,9796,813
Raw_data_1Hr_2023_site_1422_Dwarka-Sector_8_Delhi_DPCC__1Hr.csv,1422,2023,13385,839
Raw_data_1Hr_2023_site_1423_Jahangirpuri_Delhi_DPCC_1Hr.csv,1423,2023,9315,693
Raw_data_1Hr_2023_site_1424_Jawaharlal_Nehru_Stadium_Delhi_DPCC_1Hr.csv,1424,2023,8518,528
Raw_data_1Hr_2023_site_1425_Major_Dhyan_Chand_National_Stadium_Delhi_DPCC_1Hr.csv,1425,2023,11542,750
Raw_data_1Hr_2023_site_1426_Narela_Delhi_DPCC_1Hr.csv,1426,2023,10900,717
Raw_data_1Hr_2023_site_1427_Najafgarh_Delhi_DPCC_1Hr.csv,1427,2023,17503,997
Raw_data_1Hr_2023_site_1428_Okhla_Phase-2_Delhi_DPCC_1Hr.csv,1428,2023,8125,482
Raw_data_1Hr_2023_site_1429_Nehru_Nagar_Delhi_DPCC_1Hr.csv,1429,2023,6743,528
Raw_data_1Hr_2023_site_1430_Rohini_Delhi_DPCC_1Hr.csv,1430,2023,11316,711
Raw_data_1Hr_2023_site_1431_Patparganj_Delhi_DPCC_1Hr.csv,1431,2023,9792,717
Raw_data_1Hr_2023_site_1432_Sonia_Vihar_Delhi_DPCC_1Hr.csv,1432,2023,14579,949
Raw_data_1Hr_2023_site_1434_Wazirpur_Delhi_DPCC_1Hr.csv,1434,2023,10354,691
Raw_data_1Hr_2023_site_1435_Vivek_Vihar_Delhi_DPCC_1Hr.csv,1435,2023,11373,679
Raw_data_1Hr_2023_site_1560_Bawana_Delhi_DPCC_1Hr.csv,1560,2023,15787,1090
Raw_data_1Hr_2023_site_1561_Mundka_Delhi_DPCC_1Hr.csv,1561,2023,8865,576
Raw_data_1Hr_2023_site_1562_Sri_Aurobindo_Marg_Delhi_DPCC_1Hr.csv,1562,2023,11349,852
Raw_data_1Hr_2023_site_1563_Pusa_Delhi_DPCC_1Hr.csv,1563,2023,11867,848
Raw_data_1Hr_2023_site_301_Anand_Vihar_Delhi_DPCC_1Hr.csv,301,2023,6079,485
Raw_data_1Hr_2023_site_5024_Alipur_Delhi_DPCC_1Hr.csv,5024,2023,12946,922
Raw_data_1Hr_2023_site_5393_Chandni_Chowk_Delhi_IITM_1Hr.csv,5393,2023,3096,200
Raw_data_1Hr_2023_site_5395_Lodhi_Road_Delhi_IITM_1Hr.csv,5395,2023,566,30
Raw_data_1Hr_2023_site_5852_New_Moti_Bagh_Delhi_MHUA_1Hr.csv,5852,2023,2767,180
Raw_data_1Hr_2024_site_103_CRRI_Mathura_Road_Delhi_IMD_1Hr.csv,103,2024,9308,457
Raw_data_1Hr_2024_site_104_Burari_Crossing_Delhi_IMD_1Hr.csv,104,2024,16081,686
Raw_data_1Hr_2024_site_105_North_Campus_DU_Delhi_IMD_1Hr.csv,105,2024,10433,526
Raw_data_1Hr_2024_site_106_IGI_Airport_(T3)_Delhi_IMD_1Hr.csv,106,2024,9759,350
Raw_data_1Hr_2024_site_107_Pusa_Delhi_IMD_1Hr.csv,107,2024,12482,516
Raw_data_1Hr_2024_site_108_Aya_Nagar_Delhi_IMD_1Hr.csv,108,2024,10707,382
Raw_data_1Hr_2024_site_109_Lodhi_Road_Delhi_IMD_1Hr.csv,109,2024,17087,687
Raw_data_1Hr_2024_site_113_Shadipur_Delhi_CPCB_1Hr.csv,113,2024,8377,536
Raw_data_1Hr_2024_site_114_IHBAS_Dilshad_Garden_Delhi_CPCB_1Hr.csv,114,2024,7941,698
Raw_data_1Hr_2024_site_115_NSIT_Dwarka_Delhi_CPCB_1Hr.csv,115,2024,9521,651
Raw_data_1Hr_2024_site_117_ITO_Delhi_CPCB_1Hr.csv,117,2024,10071,664
Raw_data_1Hr_2024_site_118_DTU_Delhi_CPCB_1Hr.csv,118,2024,12370,412
Raw_data_1Hr_2024_site_119_Sirifort_Delhi_CPCB_1Hr.csv,119,2024,21552,1319
Raw_data_1Hr_2024_site_122_Mandir_Marg_Delhi_DPCC_1Hr.csv,122,2024,8900,406
Raw_data_1Hr_2024_site_124_R_K_Puram_Delhi_DPCC_1Hr.csv,124,2024,7332,422
Raw_data_1Hr_2024_site_125_Punjabi_Bagh_Delhi_DPCC_1Hr.csv,125,2024,10530,494
Raw_data_1Hr_2024_site_1420_Ashok_Vihar_Delhi_DPCC_1Hr.csv,1420,2024,9244,652
Raw_data_1Hr_2024_site_1421_Dr._Karni_Singh_Shooting_Range_Delhi_DPCC_1Hr.csv,1421,2024,9040,570
Raw_data_1Hr_2024_site_1422_Dwarka-Sector_8_Delhi_DPCC__1Hr.csv,1422,2024,9091,595
Raw_data_1Hr_2024_site_1423_Jahangirpuri_Delhi_DPCC_1Hr.csv,1423,2024,9039,606
Raw_data_1Hr_2024_site_1424_Jawaharlal_Nehru_Stadium_Delhi_DPCC_1Hr.csv,1424,2024,8202,397
Raw_data_1Hr_2024_site_1425_Major_Dhyan_Chand_National_Stadium_Delhi_DPCC_1Hr.csv,1425,2024,8932,508
Raw_data_1Hr_2024_site_1426_Narela_Delhi_DPCC_1Hr.csv,1426,2024,10271,498
Raw_data_1Hr_2024_site_1427_Najafgarh_Delhi_DPCC_1Hr.csv,1427,2024,15416,790
Raw_data_1Hr_2024_site_1428_Okhla_Phase-2_Delhi_DPCC_1Hr.csv,1428,2024,8198,557
Raw_data_1Hr_2024_site_1429_Nehru_Nagar_Delhi_DPCC_1Hr.csv,1429,2024,9711,599
Raw_data_1Hr_2024_site_1430_Rohini_Delhi_DPCC_1Hr.csv,1430,2024,9405,462
Raw_data_1Hr_2024_site_1431_Patparganj_Delhi_DPCC_1Hr.csv,1431,2024,10945,630
Raw_data_1Hr_2024_site_1432_Sonia_Vihar_Delhi_DPCC_1Hr.csv,1432,2024,10258,576
Raw_data_1Hr_2024_site_1434_Wazirpur_Delhi_DPCC_1Hr.csv,1434,2024,8099,630
Raw_data_1Hr_2024_site_1435_Vivek_Vihar_Delhi_DPCC_1Hr.csv,1435,2024,12274,637
Raw_data_1Hr_2024_site_1560_Bawana_Delhi_DPCC_1Hr.csv,1560,2024,10984,554
Raw_data_1Hr_2024_site_1561_Mundka_Delhi_DPCC_1Hr.csv,1561,2024,10726,537
Raw_data_1Hr_2024_site_1562_Sri_Aurobindo_Marg_Delhi_DPCC_1Hr.csv,1562,2024,9654,473
Raw_data_1Hr_2024_site_1563_Pusa_Delhi_DPCC_1Hr.csv,1563,2024,7717,629
Raw_data_1Hr_2024_site_301_Anand_Vihar_Delhi_DPCC_1Hr.csv,301,2024,7522,416
Raw_data_1Hr_2024_site_5024_Alipur_Delhi_DPCC_1Hr.csv,5024,2024,13574,890
Raw_data_1Hr_2024_site_5393_Chandni_Chowk_Delhi_IITM_1Hr.csv,5393,2024,9160,472
Raw_data_1Hr_2024_site_5395_Lodhi_Road_Delhi_IITM_1Hr.csv,5395,2024,5700,250
Raw_data_1Hr_2025_site_103_CRRI_Mathura_Road_Delhi_IMD_1Hr.csv,103,2025,7667,320
Raw_data_1Hr_2025_site_104_Burari_Crossing_Delhi_IMD_1Hr.csv,104,2025,9589,380
Raw_data_1Hr_2025_site_105_North_Campus_DU_Delhi_IMD_1Hr.csv,105,2025,8584,496
Raw_data_1Hr_2025_site_106_IGI_Airport_(T3)_Delhi_IMD_1Hr.csv,106,2025,7146,288
Raw_data_1Hr_2025_site_107_Pusa_Delhi_IMD_1Hr.csv,107,2025,9384,382
Raw_data_1Hr_2025_site_108_Aya_Nagar_Delhi_IMD_1Hr.csv,108,2025,10421,288
Raw_data_1Hr_2025_site_109_Lodhi_Road_Delhi_IMD_1Hr.csv,109,2025,9233,212
Raw_data_1Hr_2025_site_113_Shadipur_Delhi_CPCB_1Hr.csv,113,2025,9242,628
Raw_data_1Hr_2025_site_114_IHBAS_Dilshad_Garden_Delhi_CPCB_1Hr.csv,114,2025,11408,884
Raw_data_1Hr_2025_site_115_NSIT_Dwarka_Delhi_CPCB_1Hr.csv,115,2025,10979,844
Raw_data_1Hr_2025_site_117_ITO_Delhi_CPCB_1Hr.csv,117,2025,11056,655
Raw_data_1Hr_2025_site_118_DTU_Delhi_CPCB_1Hr.csv,118,2025,20413,995
Raw_data_1Hr_2025_site_119_Sirifort_Delhi_CPCB_1Hr.csv,119,2025,29811,1776
Raw_data_1Hr_2025_site_122_Mandir_Marg_Delhi_DPCC_1Hr.csv,122,2025,8635,292
Raw_data_1Hr_2025_site_124_R_K_Puram_Delhi_DPCC_1Hr.csv,124,2025,7901,454
Raw_data_1Hr_2025_site_125_Punjabi_Bagh_Delhi_DPCC_1Hr.csv,125,2025,11494,557
Raw_data_1Hr_2025_site_1420_Ashok_Vihar_Delhi_DPCC_1Hr.csv,1420,2025,8526,587
Raw_data_1Hr_2025_site_1421_Dr._Karni_Singh_Shooting_Range_Delhi_DPCC_1Hr.csv,1421,2025,8896,372
Raw_data_1Hr_2025_site_1422_Dwarka-Sector_8_Delhi_DPCC__1Hr.csv,1422,2025,7581,425
Raw_data_1Hr_2025_site_1423_Jahangirpuri_Delhi_DPCC_1Hr.csv,1423,2025,9643,504
Raw_data_1Hr_2025_site_1424_Jawaharlal_Nehru_Stadium_Delhi_DPCC_1Hr.csv,1424,2025,8311,362
Raw_data_1Hr_2025_site_1425_Major_Dhyan_Chand_National_Stadium_Delhi_DPCC_1Hr.csv,1425,2025,9486,621
Raw_data_1Hr_2025_site_1426_Narela_Delhi_DPCC_1Hr.csv,1426,2025,10617,421
Raw_data_1Hr_2025_site_1427_Najafgarh_Delhi_DPCC_1Hr.csv,1427,2025,10430,440
Raw_data_1Hr_2025_site_1428_Okhla_Phase-2_Delhi_DPCC_1Hr.csv,1428,2025,8750,529
Raw_data_1Hr_2025_site_1429_Nehru_Nagar_Delhi_DPCC_1Hr.csv,1429,2025,8679,432
Raw_data_1Hr_2025_site_1430_Rohini_Delhi_DPCC_1Hr.csv,1430,2025,12280,639
Raw_data_1Hr_2025_site_1431_Patparganj_Delhi_DPCC_1Hr.csv,1431,2025,12174,713
Raw_data_1Hr_2025_site_1432_Sonia_Vihar_Delhi_DPCC_1Hr.csv,1432,2025,8342,534
Raw_data_1Hr_2025_site_1434_Wazirpur_Delhi_DPCC_1Hr.csv,1434,2025,7201,377
Raw_data_1Hr_2025_site_1435_Vivek_Vihar_Delhi_DPCC_1Hr.csv,1435,2025,9075,488
Raw_data_1Hr_2025_site_1560_Bawana_Delhi_DPCC_1Hr.csv,1560,2025,13202,743
Raw_data_1Hr_2025_site_1561_Mundka_Delhi_DPCC_1Hr.csv,1561,2025,12438,553
Raw_data_1Hr_2025_site_1562_Sri_Aurobindo_Marg_Delhi_DPCC_1Hr.csv,1562,2025,10415,487
Raw_data_1Hr_2025_site_1563_Pusa_Delhi_DPCC_1Hr.csv,1563,2025,8751,595
Raw_data_1Hr_2025_site_301_Anand_Vihar_Delhi_DPCC_1Hr.csv,301,2025,7553,371
Raw_data_1Hr_2025_site_5024_Alipur_Delhi_DPCC_1Hr.csv,5024,2025,13957,1007
Raw_data_1Hr_2025_site_5393_Chandni_Chowk_Delhi_IITM_1Hr.csv,5393,2025,8189,452
Raw_data_1Hr_2025_site_5395_Lodhi_Road_Delhi_IITM_1Hr.csv,5395,2025,1044,72
Raw_data_1Hr_2025_site_5852_New_Moti_Bagh_Delhi_MHUA_1Hr.csv,5852,2025,14951,843
Raw_data_1Hr_2025_site_6060_IIT_Delhi_Delhi_IITM_1Hr.csv,6060,2025,833,38
